andrea.amore66,04/30/2025
giorlygiuseppe,05/01/2025
bugadastefano,05/05/2025
giuseppedifilipposassofonista,05/05/2025
claudiolacatena24,05/05/2025
robertobiuso,05/05/2025
collepierluigi,05/05/2025
ciroantoniob,05/05/2025
marco.adani,05/05/2025
michelerangi,05/06/2025
silvio_schulze_photography,05/06/2025
albertosanchezpared,05/06/2025
eroscremonesi,05/06/2025
kameliov,05/06/2025
antonio.moreno71perez,05/06/2025
marioochoa7573,05/06/2025
fabiomigueldasilv,05/06/2025
mung_carlos,05/06/2025
antoniosousa9226,05/06/2025
