sylvain0399,05/02/2025
cristianjp91,05/02/2025
diegozulian52,05/05/2025
ancora_nicolas,05/05/2025
giuseppedifilipposassofonista,05/05/2025
tt.ortu,05/05/2025
tancredi5741,05/05/2025
monella69_com,05/06/2025
gioacchino6752,05/06/2025
antonionard_,05/06/2025
nicola_rania,05/06/2025
giuseppe.giarrusso.146,05/06/2025
vincenzo_carcarino,05/06/2025
giampaolo4420,05/06/2025
teresa.cinquegrana.tc,05/06/2025
nicastroraffaele63,05/06/2025
reddead20252025,05/06/2025
checcoirbianchi86,05/06/2025
angelo_cianfoni,05/06/2025
daniele.minuti,05/06/2025
criilconte_official,05/06/2025
lukarino82,05/06/2025
dre.kent,05/06/2025
paolp.latini.7,05/06/2025
supergigi68,05/06/2025
francosalvatore42,05/06/2025
marinalepidi,05/06/2025
simonedelpanno,05/06/2025
michele.novello,05/06/2025
c.dimartino61,05/06/2025
pasquale_laudato,05/06/2025
masterkic,05/06/2025
sergioderric0,05/06/2025
gianni.bucci.984,05/06/2025
francy.occhipinti28,05/06/2025
danyfabioe,05/06/2025
luigiluche2,05/06/2025
stellatogianni,05/06/2025
dgiuseppe40yahoo.it,05/06/2025
agrestaristruttura,05/06/2025
