armandobondavalli,04/18/2025
andrea.v.1984,04/18/2025
andrea_pigno,04/18/2025
rubino.emanuele,04/18/2025
marco_tlm,04/18/2025
laferluca,04/18/2025
_paolo_______,04/18/2025
sergioaddamo46,04/18/2025
robertoture,04/18/2025
marcor.00,04/18/2025
mario76cam,04/18/2025
giuseppe.gerratana,04/18/2025
decaroliscarlofoto,04/18/2025
vincenzoa56,04/18/2025
aurelioaltopiedi,04/18/2025
carlosurdaycarpio,04/18/2025
caruso_lorenzo_,04/18/2025
vitantoniocosola,04/18/2025
samuele_rollo__,04/18/2025
cosimo_simo,04/18/2025
