samuelee_vitale,05/02/2025
lorenzoquaglia,05/05/2025
stefanoramongazziero,05/05/2025
davide_girardi_,05/05/2025
salvatore_armiento67,05/05/2025
fabioaf77,05/05/2025
marcoguitf,05/05/2025
lukarino82,05/05/2025
ginopascuzzo,05/05/2025
arotta.pasquale,05/05/2025
meschiarisergio,05/05/2025
micheledonofrio6,05/05/2025
andrea.zannier,05/05/2025
mario.mucci.102,05/05/2025
pietrofarro,05/05/2025
raffaeledebartolomeis,05/05/2025
ciroantoniob,05/05/2025
claudio_traverso,05/05/2025
brunellogiuseppe99,05/06/2025
matteorossatto_,05/06/2025
cristonialessandroilmaestro,05/06/2025
mauromarino79,05/06/2025
bugadastefano,05/06/2025
mario_nasuti,05/06/2025
francosalvatore42,05/06/2025
angelo_cianfoni,05/06/2025
vincenzo_carcarino,05/06/2025
gianni.cicala,05/06/2025
robertobiuso,05/06/2025
mario.beoni1964,05/06/2025
antonionard_,05/06/2025
pasquale_laudato,05/06/2025
agostinolatini,05/06/2025
giampaolo4420,05/06/2025
nicastroraffaele63,05/06/2025
berlingieri.armando,05/06/2025
daniele.minuti,05/06/2025
