orazio_cuciniello,05/05/2025
lorenzo_.stara,05/05/2025
silviorotucci,05/05/2025
federicorovegno22,05/05/2025
gcensiroberto,05/05/2025
luigi_romano_11,05/05/2025
vincenzo_cannizzaro1,05/05/2025
marco_vozzo,05/05/2025
marcomocerinoo,05/05/2025
subia_marco,05/05/2025
gabriele.bodda,05/05/2025
enrico_marchet,05/05/2025
_michelevanini_,05/05/2025
raffaele_paolo,05/05/2025
alessandro_castellani83,05/05/2025
francescotaglioni,05/05/2025
lorenzoforni92,05/05/2025
eugeniot.8,05/05/2025
giuseppebenignano,05/05/2025
andreademurtas,05/05/2025
