samuelediguardo.mma,05/06/2025
marcominerva31,05/06/2025
matteoindinostyle,05/06/2025
unipoteticodavide_ph,05/06/2025
francesco_sagnelli_page,05/06/2025
consales.corrado,05/06/2025
giuliogiuseppedavoli,05/06/2025
emanuele_simoni76,05/06/2025
mario_de_rossi_64,05/06/2025
andrealanzillottaph,05/06/2025
antonio_ferraro_123,05/06/2025
giulio_corso.78,05/06/2025
loremoronezo,05/06/2025
tommy_thelionking,05/06/2025
fiscobuddy,05/07/2025
orazio_cuciniello,05/07/2025
il_privv_di_ferri_,05/07/2025
adriian_marini,05/07/2025
bauhaus.indahaus,05/07/2025
nicolo.cerre,05/07/2025
