francescobiancheri,05/01/2025
luca.aiello_202,05/05/2025
davidelaversa,05/05/2025
antonio.tangari.52,05/05/2025
franco.ferrazzano,05/05/2025
lutri.salvatore,05/05/2025
loccimario,05/05/2025
stefanoramongazziero,05/05/2025
lorenzoquaglia,05/05/2025
arturo.milesi,05/05/2025
fabio.turcato1,05/05/2025
davide__trentin,05/06/2025
pellosomarco,05/06/2025
faveroenrico,05/06/2025
gianni_el_nuovo,05/06/2025
zennaro.andrea,05/06/2025
mirko_slart,05/06/2025
marcoerrico2024,05/06/2025
francesco.franconeri6,05/06/2025
samuelee_vitale,05/06/2025
christian_puppato,05/06/2025
luigi.ago89,05/06/2025
giuseppecortesecoach,05/06/2025
